Trading Name,Code,Last Price,ROE %,Market Cap ($M),Tot. Rev ($M),P/E,Yield (%),Sector,GTI Score
Tai Sin Electric,500,0.41,7.0913,188.707,440.030,8.007813,5.7299999999999995,Industrials,78
HS Optimus,504,0.001,-3.8732,5.381,15.106,,,Consumer Cyclical,67
AsiaMedic,505,0.012,7.3315,13.854,28.915,13.333333,,Healthcare,66
Fuji Offset,508,0.395,3.0376,19.715,3.628,20.466321,1.27,Industrials,70
DISA,532,0.001,-106.1844,10.689,8.082,,,Technology,34
ABR,533,0.4,3.7121,80.398,135.575,22.099448,3.75,Consumer Cyclical,63
Tung Lok Rest,540,0.085,12.882,23.324,85.918,,2.64,Consumer Cyclical,62
Abundance Intl,541,0.02,0.7538,25.634,729.658,77.851304,,Basic Materials,63
Noel Gifts Intl,543,0.199,35.9722,20.393,16.335,,13.07,Consumer Cyclical,72
CSE Global,544,0.42,11.16,296.764,861.173,10.741688,5.71,Technology,98
Medtecs Intl,546,0.134,-19.0523,73.018,54.423,,,Healthcare,66
King Wan,554,0.042,18.7548,29.331,98.803,2.485207,,Industrials,62
UMS,558,1.15,10.4377,817.116,241.393,20.034843,4.52,Technology,76
Spindex Ind,564,0.845,9.7644,96.330,184.421,6.028881,3.2300000000000004,Industrials,68
SHS,566,0.123,2.3224,75.073,82.977,24.600000,2.31,Industrials,80
Vicplas Intl,569,0.073,-1.779,37.309,105.640,,,Healthcare,62
Abundante,570,0.235,1.2799,24.508,7.326,39.166667,,Industrials,54
ASTI,575,0.014,-20.182,9.166,32.342,,,Technology,68
Oceanus,579,0.005,6.6794,128.814,290.078,125.000000,,Consumer Defensive,46
Santak,580,0.055,-24.5374,5.917,7.462,,,Technology,72
Sunrise Shares,581,0.015,-48.1844,4.426,3.202,,,Real Estate,58
Progen,583,0.027,-2.7685999999999997,10.544,5.698,,,Industrials,64
AJJ Medtech,584,0.002,,3.006,2.323,,,Healthcare,79
Asian Micro,585,0.002,-50.8059,5.144,5.940,,,Energy,59
CapAllianz,594,0.002,-1.5846,18.407,4.235,,,Energy,59
GKE,595,0.082,4.6082,63.179,118.190,9.425287,2.44,Industrials,66
Pavillon,596,0.03,6.390999999999999,43.049,17.630,13.043478,,Consumer Cyclical,53
Hyflux,600,0.21,,164.910,,,,Utilities,38
17LIVE GROUP,LVR,0.91,-3.7077999999999998,166.089,190.835,,,Technology,
8Telecom,AZG,0.069,,7.761,,,,Technology,57
9R,1Y1,0.056,-38.306400000000004,62.200,7.712,,,Technology,77
A-Smart,BQC,0.078,-3.8925,20.928,7.857,,,Industrials,54
A-Sonic Aero,BTJ,0.315,6.252199999999999,33.345,275.944,8.917513,1.59,Industrials,63
Accrelist Ltd,QZG,0.034,-16.1476,10.867,17.554,,,Healthcare,55
Acesian Partners,5FW,0.035,2.2372,16.543,7.836,31.818182,,Industrials,57
Acma,AYV,0.024,32.2645,0.975,9.418,,,Consumer Cyclical,62
AcroMeta,43F,0.02,38.6484,6.792,6.190,,,Industrials,65
Addvalue Tech,A31,0.01,4.6389,32.420,13.855,25.113324,,Technology,83
Advanced,BLZ,0.083,-9.2156,8.405,4.184,,,Energy,65
AdvancedSystems,WJ9,0.007,-1453.6643,11.446,17.365,,,Technology,
Advancer Global,43Q,0.104,4.1331,26.123,64.467,19.259259,,Industrials,73
Adventus,5EF,0.002,-33.2926,6.613,5.916,,,Industrials,70
Aedge Group,XVG,0.255,-5.1021,27.030,25.892,1275.000000,,Industrials,62
AEM SGD,AWX,1.23,2.4,385.211,380.410,34.035253,,Technology,71
AEM USD,XWA,1,2.4,299.892,380.410,35.543319,,Technology,
AF Global,L38,0.065,-1.4663000000000002,68.617,31.422,,53.849999999999994,Consumer Cyclical,56
Alita Resources,40F,0.078,,115.161,,,,Basic Materials,48
Alliance HC,MIJ,0.101,3.1603,20.845,72.241,,,Healthcare,75
AlphaDX,VVL,0.112,,27.211,9.043,0.136073,,Technology,
Alpina Holdings,ZXY,0.25,8.350399999999999,46.085,88.066,19.083969,0.76,Industrials,70
Alset,40V,0.022,-20.3992,76.840,22.428,,,Real Estate,76
Amara,A34,0.89,0.47359999999999997,517.471,122.963,281.250000,1.11,Consumer Cyclical,58
Amcorp Global,S9B,0.115,-21.260299999999997,51.451,56.334,,,Real Estate,72
AMOS Group,49B,0.068,-32.1409,14.167,63.466,,,Energy,53
Amplefield Ltd,AOF,0.019,0.947,17.064,9.428,26.027397,,Real Estate,85
AMTD IDEA OV,HKB,3.6,3.2467,1426.775,54.068,7.449909,,Financial Services,
AnAn Intl,Y35,0.004,-1.1037,16.933,2458.367,,,Energy,38
Anchun Intl,BTX,0.325,3.5904,15.227,177.372,7.807110,6.550000000000001,Basic Materials,72
AnnAik,A52,0.058,3.1322,16.734,47.644,8.169014,5.17,Basic Materials,69
Annica,5AL,0.001,-4.1175999999999995,19.260,13.730,33.333333,,Energy,57
Aoxin Q & M,1D4,0.045,-0.6621,23.018,183.722,,,Healthcare,93
AP Oil,5AU,0.124,3.5516,20.402,54.723,9.920000,4.03,Energy,61
AP Strategic,5RA,0.001,-5.0744,17.829,0.051,,,Consumer Cyclical,58
APAC Realty,CLN,0.435,4.5583,155.478,560.507,22.193878,4.83,Real Estate,59
Ascent Bridge,AWG,0.57,-14.3496,61.273,2.666,,,Basic Materials,52
Asia Enterprises,A55,0.13,0.3728,44.347,40.738,1.181818,3.85,Basic Materials,65
Asia Vets,5RE,0.05,-11.72,7.307,2.521,,,Healthcare,52
AsiaPhos,5WV,0.004,41.092099999999995,5.919,4.291,,,Basic Materials,19
Asiatic,5CR,0.004,7.333399999999999,12.934,43.186,8.000000,,Utilities,67
ASL Marine,A04,0.059,4.684200000000001,58.288,342.770,11.800000,,Industrials,78
Aspen,1F3,0.041,18.2485,44.412,206.219,16.001212,,Real Estate,60
Aspial Corp,A30,0.062,1.323,137.626,678.355,24.800000,,Real Estate,68
Aspial Lifestyle,5UF,0.121,16.8991,224.600,587.559,5.401786,6.45,Consumer Cyclical,64
Assurance HC,RCU,0.056,-14.9732,14.746,0.588,,,Technology,64
Astaka,42S,0.058,-18.2199,108.427,50.625,,,Real Estate,67
Atlantic Nav,5UL,0.06,80.9875,31.411,92.452,0.452186,265,Industrials,61
Attika Group,53W,0.26,39.1356,35.360,55.519,12.560386,2.83,Industrials,
Audience,1AZ,0.295,30.117,67.173,15.575,11.302682,5.08,Industrials,58
AusGroup,5GJ,0.009,-137.2152,27.659,245.052,,,Industrials,52
Autagco,1D3,0.002,,5.214,1.183,,,Consumer Cyclical,54
Avarga Ltd,X5N,2.56,6.8223,232.528,1619.620,12.190476,,Industrials,
Avi-Tech Hldg,1R6,0.21,5.4524,35.920,17.442,,7.140000000000001,Technology,91
AVJennings A$,A05,0.64,0.2323,365.667,331.403,,,Real Estate,
Azeus,BBW,12.4,58.079899999999995,372.000,365.452,21.311257,4.760000000000001,Technology,64
Aztech Gbl,8AZ,0.545,20.621100000000002,420.627,,5.969332,14.680000000000001,Technology,87
B&M Hldg,CJN,0.5,-16.5222,4.379,1.711,,,Financial Services,69
BACUI TECH,YYB,0.001,5.5895,4.358,56.103,3.333333,,Communication Services,57
Baker Technology,BTP,0.57,8.0059,115.640,92.019,6.333333,3.51,Energy,77
Ban Leong,B26,0.6,16.5071,65.449,208.081,9.174312,3.5000000000000004,Technology,60
Banyan Tree,B58,0.355,5.8549,307.751,380.638,7.334711,3.66,Consumer Cyclical,84
BBR,KJ5,0.139,18.3081,44.812,289.533,2.122137,2.16,Industrials,76
Beng Kuang,BEZ,0.179,75.59479999999999,35.659,111.883,3.091537,3.35,Energy,67
BeverlyJCG,9QX,0.014,,10.602,6.302,,,Healthcare,39
BH Global,BQN,0.111,4.7364999999999995,33.300,60.385,12.333333,4.5,Industrials,85
Biolidics,8YY,0.023,,38.887,0.784,,,Healthcare,62
BlackGoldNatural,41H,0.003,,4.301,13.039,,,Energy,66
Boldtek,5VI,0.035,-24.6617,12.378,42.786,,,Industrials,57
Bonvests,B28,0.86,0.22269999999999998,345.305,224.250,184.946237,0.9299999999999999,Consumer Cyclical,67
Boustead,F9D,1.14,17.494,560.447,527.097,5.825243,4.82,Industrials,73
BRC Asia,BEC,3.13,20.7278,858.716,1438.696,8.844306,4.47,Basic Materials,74
Broadway Ind,B69,0.194,12.915099999999999,88.679,352.230,6.769252,5.1499999999999995,Technology,91
Bromat,9I7,0.044,,13.563,2.249,,,Consumer Cyclical,
Brook Crompton,AWC,0.505,5.291300000000001,17.907,61.640,7.651515,3.9600000000000004,Industrials,64
Bukit Sembawang,B61,3.91,7.3436,1012.343,549.961,8.858179,1.02,Real Estate,52
Bumitama Agri,P8Z,0.725,16.6193,1257.254,16732039.000,6.962420,9.16,Consumer Defensive,75
Bund Center,BTE,0.37,3.7168,280.744,84.405,20.670391,3.7800000000000002,Real Estate,64
Camsing Hc,BAC,0.092,,8.280,4.783,,,Consumer Defensive,44
Capital World,1D5,0.002,-41.5699,32.200,-5.676,,,Real Estate,68
CapitaLandInvest,9CI,2.53,3.4333,12621.467,2815.000,26.914894,4.74,Real Estate,98
Captii,AWV,0.22,-20.863699999999998,7.031,18.143,,,Communication Services,46
Casa,C04,0.107,12.674299999999999,22.451,20.991,2.860963,1.87,Consumer Cyclical,72
CDW,BXE,0.126,-8.8695,28.411,85.795,,7.1499999999999995,Technology,91
Centurion,OU8,1.42,34.8667,1193.906,253.616,3.462570,2.46,Consumer Cyclical,88
CFM,5EB,0.075,8.1692,15.115,27.599,18.472906,,Industrials,68
CH Offshore R,ZBVR,0,,,,,,,
CH Offshore,C13,0.014,2.8126,17.522,26.229,12.096762,,Energy,51
Charisma Energy,5QT,0.002,,39.499,6.619,,,Utilities,52
Chasen,5NV,0.066,-11.0397,25.387,106.224,1.551992,,Industrials,56
Chemical Ind,C05,0.47,3.8547,35.694,67.096,5.816832,3.19,Basic Materials,62
China Aviation,G92,0.82,8.1003,705.351,15518.512,7.007472,4.54,Energy,64
China EnvRes,UIX,0.101,-15.5019,53.674,72.058,,,Consumer Cyclical,
China Everbright,U9E,0.225,8.2044,643.697,6851.918,3.851772,9.2,Utilities,80
China Fishery,B0Z,0.076,,279.941,,4.245235,,Consumer Defensive,45
China Intl,BEH,0.03,-40.949000000000005,2.343,89.710,,,Utilities,54
China Mining,BHD,0.029,-122.6512,11.832,0.000,,,Consumer Defensive,51
China Yuanbang,BCD,0.152,-36.869,10.549,170.817,,,Real Estate,69
ChinaKangdaFood,P74,0.022,-4.0218,11.284,1650.509,,,Consumer Defensive,56
ChinaKundaTech,GU5,0.017,-73.45,6.967,35.182,,,Industrials,54
ChinaSunsine,QES,0.565,10.4204,538.661,3515.528,7.147376,3.54,Basic Materials,67
Choo Chiang,42E,0.42,17.7256,87.216,89.622,7.394366,6.1899999999999995,Technology,75
Chuan Hup,C33,0.162,0.8678,148.029,6.259,45.042540,6.17,Real Estate,62
CityDev,C09,4.8,2.0892999999999997,4288.328,3271.197,22.535211,1.67,Real Estate,112
Civmec,P9D,0.85,14.166,429.639,1043.988,8.887432,6.04,Industrials,79
Clearbridge,1H3,0.003,-37.1863,6.506,9.903,,,Healthcare,45
CNMC Goldmine,5TP,0.43,22.0625,174.274,65.200,13.776157,1.8599999999999999,Basic Materials,66
Comba,STC,0.093,-18.7665,764.125,4528.263,,,Technology,
Combine Will,N0Z,1.17,6.1424,37.823,1471.284,5.045884,4.2700000000000005,Consumer Cyclical,70
ComfortDelGro,C52,1.42,8.1013,3076.804,4476.500,14.624099,5.47,Industrials,101
Coolan Group,BMT,0.075,,15.635,1.133,,,Energy,60
Cordlife,P8A,0.27,-14.7285,69.203,27.843,,,Healthcare,16
Cortina,C41,2.55,16.1512,422.225,832.670,7.285714,0.7799999999999999,Consumer Cyclical,65
COSCO SHP SG,F83,0.126,1.1131,282.145,172.916,52.500000,,Industrials,72
CosmoSteel,B9S,0.22,-6.3182,57.499,107.990,,,Industrials,74
Courage Inv,CIN,0.018,2.9439,34.004,9.183,8.758272,,Industrials,
Creative,C76,0.875,-19.731,61.597,68.370,,,Technology,54
CreditBureauAsia,TCU,1.32,22.1939,304.115,59.706,27.049180,3.0300000000000002,Financial Services,56
CSC,C06,0.012,-22.4912,41.919,313.405,,,Industrials,66
Darco Water Tech,BLR,0.075,3.5026,7.037,59.136,7.009346,,Industrials,69
Datapulse Tech,BKW,0.141,7.4176,33.394,6.024,10.522388,,Consumer Cyclical,75
DBS,D05,45.15,17.1263,128391.425,22565.000,11.522246,5.38,Financial Services,106
Debao Property,BTF,0.128,-38.019999999999996,9.600,133.733,,,Real Estate,40
Del Monte Pac,D03,0.068,-57.5739,132.189,2491.139,,,Consumer Defensive,102
Delfi,P34,0.73,12.7915,446.145,502.655,10.239901,5.88,Consumer Defensive,73
DFIRG USD,D01,2.64,-31.313999999999997,3573.638,8868.900,,3.9800000000000004,Consumer Defensive,
Digilife Tech,BAI,0.8,-7.294200000000001,11.874,246.123,,,Communication Services,73
Don Agro,GRQ,0.17,-41.6826,25.546,0.000,,,Consumer Defensive,62
Duty Free Intl,5SO,0.063,14.8899,75.487,155.100,4.631970,10.32,Consumer Cyclical,57
Econ Healthcare,EHG,0.35,15.4456,93.069,59.030,11.550393,3.17,Healthcare,52
EcoWise,5CT,0.024,-6.680899999999999,27.572,34.594,68.571429,,Industrials,78
Edition,5HG,0.004,,7.533,0.701,,,Consumer Defensive,62
Eindec,42Z,0.031,-2.1365,3.339,13.730,,,Industrials,58
Ellipsiz,BIX,0.225,-3.7207,37.398,59.178,,4.44,Technology,73
Emperador Inc.,EMI,0.31,6.540500000000001,5035.157,60014.883,34.332026,1.4200000000000002,Consumer Defensive,
Eneco Energy,R14,0.01,-3.6191,23.129,31.302,,,Industrials,77
EnGro,S44,0.695,0.41790000000000005,80.718,185.412,73.913043,4.41,Basic Materials,65
Envictus,BQD,0.295,28.716399999999997,89.733,742.436,5.861641,,Consumer Defensive,69
Enviro-Hub,L23,0.023,-37.0379,35.447,29.957,,,Industrials,63
ES,5RC,0.06,11.637699999999999,8.472,36.065,3.488372,,Industrials,66
ETC Singapore,1C0,0.034,-180.4689,33.390,13.677,10.967742,,Real Estate,82
EuroSports Gbl,5G1,0.13,-71.5706,31.738,25.123,,,Consumer Cyclical,71
Ever Glory,ZKX,0.43,59.1616,149.141,74.672,16.522574,1.4500000000000002,Industrials,
Ezra,5DN,0.011,,32.329,,,,Energy,30
F & N,F99,1.26,5.1927,1835.395,2303.636,12.343865,4.37,Consumer Defensive,86
Far East,5TJ,0.079,7.3418,8.805,98.743,2.947761,,Industrials,70
Far East Orchard,O10,1.01,4.2991,493.990,191.873,8.367854,3.9600000000000004,Real Estate,81
Federal Int,BDU,0.142,5.7756,19.975,44.260,5.144928,3.52,Energy,71
Figtree,5F4,0.021,-18.3313,7.547,11.293,,,Real Estate,59
First Resources,EB5,1.43,18.3232,2215.452,1038.754,7.037128,6.8500000000000005,Consumer Defensive,81
First Sponsor,ADN,1.06,4.3889,1197.022,317.559,13.486005,4.390000000000001,Real Estate,75
FJ Benjamin,F10,0.009,-16.2956,10.686,70.247,,,Consumer Cyclical,70
Food Empire,F03,1.75,17.8224,924.284,476.347,13.720018,3.4299999999999997,Consumer Defensive,57
FoodInnovators,KYB,0.13,-130.4783,18.087,43.136,,,Consumer Cyclical,
Forise Int,8A1,0.088,-94.3099,3.749,0.429,,,Financial Services,72
FortressMinerals,OAJ,0.23,7.560600000000001,120.363,56.254,16.427339,2.6100000000000003,Basic Materials,79
Frasers Property,TQ5,0.82,1.575,3219.354,4257.153,12.058824,5.489999999999999,Real Estate,100
Frencken,E28,1.12,8.8888,478.341,794.333,12.903226,2.33,Technology,58
Fu Yu,F13,0.096,-2.8388,73.151,114.888,,,Industrials,71
Full Apex,BTY,0.405,,17.807,,,,Consumer Cyclical,7
Fuxing China,AWK,0.183,0.122,3.149,735.871,25.661672,,Consumer Cyclical,64
G Invacom,QS9,0.019,-29.106199999999998,5.162,34.676,,,Technology,62
Gallant Venture,5IG,0.089,-6.582000000000001,486.221,190.915,,,Utilities,69
GCCP,41T,0.003,-19.343,4.600,1.121,,,Basic Materials,37
GDS Global,5VP,0.055,-32.7068,12.320,13.360,,,Industrials,63
Genting Sing,G13,0.7,7.020999999999999,8458.041,2529.960,14.613779,5.71,Consumer Cyclical,93
Geo Energy Res,RE4,0.375,14.998700000000001,530.332,391.937,7.682694,2.8000000000000003,Energy,82
GHY Culture,XJB,0.171,-23.9788,182.915,417.602,,0.58,Communication Services,73
Global Inv,B73,0.125,9.6309,202.447,14.113,7.961783,6.4,Financial Services,91
Global Testing,AYN,1.06,11.0139,35.703,41.520,5.516202,4.72,Technology,49
Golden Agri-Res,E5H,0.24,7.270300000000001,3043.602,10909.719,6.510214,3.35,Consumer Defensive,77
Goodland,5PC,0.13,-1.0749,46.679,10.942,,4.42,Real Estate,63
Goodwill,GEH,0.16,31.7079,64.000,52.987,13.114754,4.6899999999999995,Communication Services,
GP Industries,G20,0.485,-16.2848,234.664,1114.463,,5.1499999999999995,Industrials,71
Grand Banks,G50,0.495,27.347700000000003,92.359,135.846,4.245283,3.0300000000000002,Consumer Cyclical,71
Grand Venture,JLB,0.805,8.8198,273.128,159.515,24.617737,0.37,Technology,82
GRC,S3N,0.042,6.2996,47.404,11.237,11.351351,,Real Estate,78
Great Eastern,G07,25.8,12.0124,12211.632,7147.900,13.163265,3.29,Financial Services,92
Green Build,Y06,0.019,,5.553,4.311,,,Industrials,55
GRP,BLU,0.065,-0.029500000000000002,11.893,7.978,,,Technology,72
GS Hldg,43A,0.039,-147.0375,33.397,9.235,,,Industrials,53
GSH,BDX,0.159,-2.9687,313.434,125.161,,,Industrials,87
GSS Energy,41F,0.011,-41.5006,11.735,99.878,,,Technology,72
GuocoLand,F17,1.44,2.3466,1660.025,1762.485,13.495783,4.17,Real Estate,85
H2G Green,5AI,0.006,-38.378299999999996,8.730,13.431,,,Consumer Cyclical,60
Hafary,5VS,0.34,22.271,146.387,263.136,5.312500,4.41,Industrials,59
Hai Leck,BLH,0.535,-0.127,121.039,51.975,44.583333,,Energy,49
Halcyon Agri,5VJ,0.41,-7.1221000000000005,653.955,3777.123,,,Basic Materials,85
Hatten Land,PH0,0.011,-35.2991,20.428,112.407,,,Real Estate,66
Haw Par,H02,11.82,5.9879,2616.572,244.824,11.464597,3.38,Healthcare,90
HC Surgical,1B1,0.295,28.7079,45.373,19.133,12.090164,5.08,Healthcare,58
HealthBank,40B,0.074,-40.0726,6.978,0.188,,,Real Estate,68
Heatec Jietong,5OR,0.016,0.6851,3.276,19.562,,,Energy,72
Heeton,5DP,0.25,-0.32130000000000003,121.871,78.160,,2,Consumer Cyclical,43
Helens,HLS,0.51,-5.3041,332.707,752.206,,9.6,Consumer Cyclical,
Hengyang Petro,5PD,0.162,0.0839,32.961,0.000,,,Energy,59
HG Metal,BTG,0.36,4.9726,98.907,157.867,7.114625,,Basic Materials,82
HGH,5GZ,0.016,-0.4331,28.494,21.318,,,Industrials,74
Hiap Hoe,5JK,0.51,0.9156,239.984,125.357,36.428571,1.47,Consumer Cyclical,77
Hiap Seng Ind,1L2,0.006,1696.1116,26.876,25.438,2.608696,,Industrials,
Hiap Tong,5PO,0.092,4.3191,29.198,93.420,7.863248,1.09,Industrials,65
HL Global Ent,AVX,0.275,2.0909,25.827,5.712,15.714286,,Consumer Cyclical,75
Ho Bee Land,H13,1.77,3.0063,1175.309,528.040,10.727273,2.26,Real Estate,90
Hock Lian Seng,J2T,0.37,11.7886,189.478,183.456,5.920000,4.859999999999999,Industrials,67
Hoe Leong,H20,0.001,2.8579,15.139,44.010,20.833333,,Industrials,76
Hong Fok,H30,0.75,1.0311000000000001,614.473,104.319,20.270270,1.3299999999999998,Real Estate,81
Hong Lai Huat,CTO,0.045,-11.948699999999999,23.303,0.102,,,Real Estate,49
Hong Leong Asia,H22,1.18,9.0672,882.807,4249.425,10.094098,3.39,Consumer Cyclical,100
Hong Leong Fin,S41,2.51,4.9946,1126.023,233.283,10.823631,5.48,Financial Services,96
HongkongLand USD,H78,5.24,-4.4742,11515.739,2002.100,,4.390000000000001,Real Estate,
Hor Kew,BBP,0.73,17.3898,38.009,82.870,2.767248,4.109999999999999,Industrials,60
Hosen,5EV,0.047,5.7054,15.270,72.750,7.704918,4.26,Consumer Defensive,78
Hotel Grand,H18,0.7,-1.0814000000000001,517.598,140.488,,2.1399999999999997,Consumer Cyclical,71
Hotel Royal,H12,1.77,0.9606999999999999,214.099,66.753,32.007233,1.53,Consumer Cyclical,90
Hotung Inv,BLS,1.33,2.5991,126.135,415.362,18.566301,8.17,Financial Services,46
HPL,H15,4.22,0.8696,2216.555,692.928,109.326425,0.95,Consumer Cyclical,80
HRnetGroup,CHZ,0.675,11.7858,661.301,566.996,14.900662,5.93,Industrials,76
Huationg Global,41B,0.245,15.6861,43.424,226.365,2.654388,4.49,Industrials,79
Hyphens Pharma,1J5,0.305,15.2281,94.207,195.420,9.413580,4.92,Healthcare,88
ICP Ltd,5I4,0.009,-5.2431,30.079,11.955,,,Consumer Cyclical,54
IFAST,AIY,6.45,23.5038,1934.963,360.439,27.837721,0.96,Technology,83
IFS Capital,I49,0.129,1.0622,48.500,51.306,25.800000,3.88,Financial Services,57
IHH,Q0F,2.09,8.9694,18524.046,24382.000,22.774436,1.44,Healthcare,
Imperium Crown,5HT,0.007,-167.5751,5.523,2.218,,,Consumer Cyclical,61
Incredible,RDR,0.002,-57.3524,5.987,4.891,,,Consumer Cyclical,74
Indofood Agri,5JS,0.315,8.0359,439.710,15967804.000,4.981327,3.17,Consumer Defensive,82
InnoTek,M14,0.35,3.3331,80.957,238.035,13.944223,5.71,Industrials,66
Interra Resource,5GI,0.036,9.4314,22.893,17.121,4.131215,,Energy,69
Intl Cement,KUO,0.019,0.055999999999999994,108.960,263.542,950.000000,,Basic Materials,91
Intraco,I06,0.355,3.2752999999999997,38.569,182.845,19.530176,18.310000000000002,Industrials,72
IPC Corp,AZA,0.129,13.3568,11.003,2.235,1.814346,,Real Estate,58
IPS Securex,42N,0.009,1.4842,4.364,12.853,,,Industrials,61
ISDN,I07,0.315,4.2047,141.306,372.443,16.492147,0.89,Industrials,87
ISEC,40T,0.35,15.0192,201.495,75.144,15.798501,2.86,Healthcare,67
ISOTeam,5WF,0.074,18.9574,52.336,132.818,7.872340,1.08,Industrials,56
iWOW Tech,NXR,0.182,13.648299999999999,47.905,46.209,18.200000,1.21,Technology,78
IX Biopharma,42C,0.019,-106.9136,16.871,7.000,,,Healthcare,71
Jadason,J03,0.007,-27.1228,5.057,25.307,,,Technology,52
Japan Foods,5OI,0.21,-1.5846,36.474,86.820,,0.95,Consumer Cyclical,82
Japfa,UD2,0.615,14.4371,1166.781,4618.982,8.444189,3.25,Consumer Defensive,83
Jardine C&C,C07,24.93,11.5831,9853.241,22298.400,8.120640,5.96,Industrials,101
Jason Marine,5PF,0.136,0.4166,14.280,38.856,,1.8399999999999999,Technology,59
Jawala,1J7,0.16,-5.9216999999999995,18.956,15.526,,,Basic Materials,69
JB Foods,BEW,0.45,1.0632000000000001,136.812,777.898,3.602930,0.44,Consumer Defensive,65
JEP,1J4,0.26,3.9945,107.386,56.910,34.346103,,Industrials,76
Jiutian Chemical,C8R,0.023,-21.3758,45.734,50.568,,,Basic Materials,44
JMH USD,J36,44.6,-1.6453,11480.846,35779.000,,5.04,Industrials,
Joyas Intl,E9L,0.001,-4.6666,2.214,3.942,,,Financial Services,45
Jubilee,NHD,0.023,9.5182,7.308,3.581,,,Technology,50
Jumbo,42R,0.255,24.7309,153.325,190.689,12.142857,3.92,Consumer Cyclical,79
Karin Tech,K29,0.285,4.5309,61.652,2077.937,19.782069,5.28,Technology,70
Katrina,1A0,0.036,,9.054,54.728,4.931507,,Consumer Cyclical,63
Kencana Agri,BNE,0.088,33.4028,25.257,153.734,1.646855,,Consumer Defensive,68
Keong Hong,5TT,0.101,-7.6965,23.736,213.529,1.816547,,Industrials,72
Keppel,BN4,6.79,8.5997,12322.728,6601.158,15.022124,5.01,Industrials,108
Khong Guan,K03,0.86,-2.4884,22.199,73.466,,,Consumer Defensive,76
Kim Heng,5G2,0.076,0.5062,53.575,122.734,190.000000,2.8000000000000003,Energy,75
Kimly,1D0,0.33,18.4133,410.344,320.200,13.524590,6.0600000000000005,Consumer Cyclical,68
KingsmenCreative,5MZ,0.37,11.4396,74.721,388.433,5.683564,5.41,Industrials,51
Koda,BJZ,0.193,-9.6703,16.054,53.378,,,Consumer Cyclical,85
Koh Bros,K75,0.162,-2.0774999999999997,66.818,238.394,,,Industrials,71
Koh Eco,5HV,0.046,-14.1212,129.635,148.973,,,Industrials,72
KOP,5I1,0.043,-4.0912,47.642,69.437,,,Real Estate,63
Kori,5VC,0.151,1.299,14.979,17.442,20.972222,,Industrials,75
Koyo Intl,5OC,0.045,0.3157,8.542,47.287,150.000000,,Industrials,55
KrisEnergy,SK3,0.03,,45.085,74.328,,,Energy,78
KSH,ER0,0.23,-9.821399999999999,124.599,119.004,,4.35,Industrials,64
KTMG,XCF,0.053,-32.872,8.993,104.531,,,Consumer Cyclical,76
Leader Env,LS9,0.042,-115.2029,64.465,7.028,,,Industrials,62
Ley Choon,Q0X,0.07,19.9432,105.404,130.734,8.207293,3.8600000000000003,Industrials,63
LHN,41O,0.515,20.107400000000002,215.410,137.043,4.409247,3.88,Real Estate,86
LHT,BEI,1.01,3.8763,53.777,28.192,24.162679,4.95,Basic Materials,87
Lincotrade,BFT,0.083,23.9215,14.278,58.821,11.690141,3.8600000000000003,Industrials,59
Lion Asiapac,BAZ,0.27,2.5957,21.493,34.312,85.483871,,Basic Materials,65
Livingstone,PRH,0.023,-64.2542,14.105,25.489,,,Healthcare,68
LMS Compliance,LMS,0.38,16.3843,39.870,25.384,25.178775,2.8899999999999997,Industrials,82
Lonza,O6Z,79.97,6.7732,64053.667,6574.000,21.467718,3.75,Healthcare,
Lorenzo Intl,5IE,0.016,,5.712,23.992,,,Consumer Cyclical,50
Low Keng Huat,F1E,0.325,0.3473,240.115,482.705,116.071429,4.62,Real Estate,74
LS 2 Holdings,ENV,0.062,13.549800000000001,11.470,68.601,4.366197,,Industrials,68
Lum Chang,L19,0.305,4.4806,114.261,506.845,15.803109,9.84,Industrials,66
Luminor,5UA,0.052,-18.0554,8.707,43.981,,,Financial Services,68
Luxking,BKK,0.425,8.0578,5.376,567.648,,,Basic Materials,81
LY Corp,1H8,0.049,-3.2575,23.951,222.372,,,Consumer Cyclical,74
Man Oriental USD,M04,1.98,-2.7096,2502.343,525.800,,2.53,Consumer Cyclical,
MarcoPolo Marine,5LY,0.042,12.3014,157.653,114.647,7.118644,2.3800000000000003,Industrials,75
Maruwa Yen1k,M12,0,14.9606,421654.691,71849.000,,,Technology,
Mary Chia,5OX,0.021,,4.876,32.413,,,Consumer Cyclical,12
Matex Intl,M15,0.018,-24.404600000000002,9.283,7.002,,,Basic Materials,72
MDR Limited,Y3D,0.032,4.4782,27.844,232.027,5.079365,7.180000000000001,Technology,84
MediLifestyle,Z4D,0.006,,0.985,4.918,,,Healthcare,66
Medinex,OTX,0.197,6.1345,26.140,12.861,17.130435,8.53,Healthcare,55
MegaChem,5DS,0.44,14.5708,58.652,128.842,7.419899,1.1400000000000001,Basic Materials,76
MeGroup,SJY,0.065,18.648799999999998,7.769,434.427,2.304445,3.15,Consumer Cyclical,73
Memiontec Hldgs,TWL,0.016,-41.7243,17.621,52.914,,8.870000000000001,Utilities,73
Mencast,5NF,0.022,7.545300000000001,10.146,53.490,0.041509,,Energy,86
Mercurius,5RF,0.016,,22.288,0.000,,,Real Estate,37
Mermaid Maritime,DU4,0.1,7.7749,141.333,542.533,19.462826,,Energy,49
Meta Health,5DX,0.005,,6.602,0.519,,,Industrials,50
Metech Intl,V3M,0.025,-32.2336,4.239,,,,Industrials,77
Metis Energy,L02,0.016,-15.573899999999998,48.533,4.790,,,Utilities,43
Metro,M01,0.405,-17.3852,335.355,104.504,,4.9399999999999995,Consumer Cyclical,73
Mewah Intl,MV4,0.26,4.8248,390.174,4781.976,7.815189,2.88,Consumer Defensive,82
MFG Integration,M11,0.012,-41.300599999999996,2.893,6.664,,,Technology,74
Micro-Mechanics,5DD,1.59,17.377200000000002,221.061,63.421,19.581281,3.7699999999999996,Technology,94
Midas,5EN,0.192,,364.712,,10.536136,,Basic Materials,9
MindChamps,CNE,0.115,0.0172,27.930,62.958,,,Consumer Defensive,55
Miyoshi,M03,0.003,-8.3303,3.481,36.883,,,Industrials,59
MM2 Asia,1B0,0.009,-9.170300000000001,58.821,157.381,,,Communication Services,59
MoneyMax Fin,5WJ,0.45,23.13,199.012,390.068,0.379299,3.11,Consumer Cyclical,55
Mooreast,1V3,0.108,-11.4011,27.972,25.074,,,Industrials,68
MSC,NPW,0.73,10.8555,304.154,1691.774,12.693861,5.67,Basic Materials,
MSM Intl,5QR,0.025,1.1808,2.635,85.953,,,Consumer Cyclical,60
MTQ,M05,0.275,6.0495,61.323,63.277,17.741935,3.64,Energy,59
Multi-Chem,AWZ,3.12,20.5113,281.097,683.684,9.120140,8.110000000000001,Technology,81
Mun Siong Engg,MF6,0.027,-11.196399999999999,15.701,64.826,,1.48,Industrials,86
Murata Yen1k,PJX,0,7.3568999999999996,34892.008,1743352.000,,,Technology,
MYP,F86,0.044,-3.017,70.069,18.316,,,Real Estate,69
Nam Lee Metal,G0I,0.38,7.6377,91.981,201.353,4.308390,3.95,Industrials,82
NamCheong,1MZ,0.525,2182.1095,207.477,689.890,,,Industrials,57
Nanofilm,MZH,0.525,2.0174000000000003,342.158,204.269,44.491525,1.26,Technology,77
Natural Cool,5IF,0.036,9.152299999999999,9.016,140.655,5.901639,,Industrials,75
NeraTel,N01,0.091,-6.3399,32.933,98.245,,5.489999999999999,Technology,67
Net Pacific Fin,5QY,0.017,-5.817399999999999,8.936,26.872,,,Financial Services,37
New Toyo,N08,0.245,6.1903,107.483,317.543,11.502347,7.35,Consumer Cyclical,78
New Wave,5FX,0.004,-30.6695,5.182,15.733,,,Basic Materials,55
Niks Prof,NPL,0.175,10.511099999999999,22.750,11.190,10.937500,5.71,Healthcare,
NIO Inc. USD OV,NIO,3.68,-143.7978,8182.089,65731.559,,,Consumer Cyclical,
Nippecraft,N32,0.04,1.514,14.056,105.343,22.565595,,Basic Materials,80
Nomura Yen1k,N33,1.99,5.1045,23610.838,1662374.000,,24.52,Financial Services,
NoonTalk Media,SEJ,0.083,-115.27050000000001,16.434,5.180,,,Communication Services,66
Nordic,MR7,0.345,14.1649,137.665,158.386,7.840909,5.08,Industrials,80
NSL,N02,0.7,7.503799999999999,261.491,302.748,12.302285,4.29,Basic Materials,45
Ntegrator Hldg,WVJ,0.011,-64.3798,3.729,98.792,,,Technology,71
NutryFarm,AZT,0.085,,11.681,76.568,,,Consumer Defensive,43
OCBC Bank,O39,16.33,13.258000000000001,73464.804,14466.000,9.907862,5.21,Financial Services,103
Ocean Sky Intl,1B6,0.023,-0.21619999999999998,9.904,30.327,,,Industrials,60
Oiltek,HQU,0.515,38.995999999999995,220.935,230.292,24.494121,1.7500000000000002,Industrials,53
OIO,KUX,0.059,,12.865,0.526,,,Industrials,64
OKP,5CF,0.695,19.3533,213.338,181.752,6.329690,1.44,Industrials,71
Olam Group,VC2,0.875,0.7511,3317.590,56158.492,62.056738,6.859999999999999,Consumer Defensive,77
Old Chang Kee,5ML,0.95,21.6859,115.306,100.953,11.919699,2.11,Consumer Cyclical,66
Olive Tree,1H2,0.099,-5.3831,11.469,1.263,,,Real Estate,73
OneApex,5SY,0.25,60.2971,21.125,77.793,2.924592,4,Financial Services,66
Ossia Intl,O08,0.159,11.9556,40.168,29.944,5.719424,4.3999999999999995,Consumer Cyclical,48
OTS Holdings,OTS,0.11,-0.8475999999999999,23.540,30.824,50.925926,,Consumer Defensive,78
OUE,LJ3,0.965,-8.3022,729.870,646.499,,2.07,Real Estate,73
OUE Healthcare,5WA,0.022,-2.0787,97.749,150.277,,,Healthcare,76
Ouhua Energy,AJ2,0.06,-25.862000000000002,22.377,2664.594,,,Utilities,54
Overseas Edu,RQ1,0.196,4.5514,81.411,87.775,13.066667,6.12,Consumer Defensive,81
Oxley,5UX,0.068,-11.199,287.464,239.327,,,Real Estate,59
OxPay Financial,TVV,0.026,-109.83050000000001,7.172,3.625,,,Technology,67
Pacific Andes,P11,0.022,,189.723,,1.490250,,Consumer Defensive,50
Pacific Century,P15,0.37,-5.3964,979.320,12.222,,19.139999999999997,Financial Services,52
PacificRadiance,RXS,0.039,43.8811,56.472,43.842,1.686778,1.28,Industrials,63
Pan Hong,P36,0.088,3.0771,45.083,216.884,24.680078,,Real Estate,56
PanUnited,P52,0.735,16.436600000000002,513.061,812.297,12.585616,4.08,Basic Materials,72
Parkson Retail,O9E,0.134,97.5179,90.289,219.982,3.383838,,Consumer Cyclical,76
Pasture Holdings,UUK,0.059,13.6093,7.788,15.505,5.103585,,Healthcare,
PC Partner,PCT,1.15,9.303799999999999,441.210,10081.957,10.318217,2.16,Technology,
PEC,IX2,0.84,6.7067000000000005,214.135,390.859,15.849057,2.3800000000000003,Energy,63
Penguin Intl,BTM,1,15.648699999999998,220.170,235.844,6.195787,4.84,Industrials,64
Pharmesis Intl,BFK,0.435,14.6975,13.790,67.650,8.808528,,Healthcare,56
PlatoCapital,YYN,1.44,1.1254,17.537,0.544,27.016886,,Financial Services,55
PNE Industries,BDA,0.46,1.8573,38.602,66.954,25.555556,6.52,Technology,53
Polaris,5BI,0.001,-29.2372,17.053,23.499,,,Consumer Cyclical,54
Pollux Prop,5AE,0.02,0.19090000000000001,55.189,13.382,200.000000,,Real Estate,77
Powermatic Data,BCY,2.35,5.637099999999999,82.140,28.095,19.632414,2.13,Technology,69
Procurri,BVQ,0.315,0.8203,100.249,191.355,254.166667,,Technology,58
PropNex,OYY,1.01,32.927499999999995,747.400,782.954,18.264014,5.2,Real Estate,79
ProsperaGlobal,5HH,0.015,-191.476,6.212,0.614,,,Consumer Cyclical,63
ProsperCap,PPC,0.138,-34.9737,223.230,246.930,,,Consumer Cyclical,
Prudential USD,K6S,9.51,12.9407,29389.283,8139.000,11.321429,2.44,Financial Services,
PSC Corporation,DM0,0.36,6.905,196.307,488.649,8.633094,4.17,Consumer Cyclical,63
Q&M Dental,QC7,0.35,14.263200000000001,332.124,180.674,22.580645,3.1399999999999997,Healthcare,64
QAF,Q01,0.855,7.0356000000000005,491.855,636.107,14.250000,5.8500000000000005,Consumer Defensive,80
Qian Hu,BCV,0.151,0.8998,17.142,71.418,48.709677,2.65,Consumer Cyclical,100
Quantum Health,V8Y,0.001,,8.015,12.859,,,Healthcare,61
Raffles Edu,NR7,0.041,-3.2373,57.009,112.271,,,Consumer Defensive,51
Raffles Infrastructure,LUY,0.035,5.277699999999999,2.378,51.868,2.335431,,Industrials,92
Raffles Medical,BSL,0.985,5.992100000000001,1823.137,751.564,29.491018,2.54,Healthcare,74
Reclaims Global,NEX,0.3,17.5281,39.300,44.415,7.058824,4,Industrials,65
Regal Intl,UV1,0.115,,25.865,56.692,,,Real Estate,49
Renaissance United,I11,0.001,-19.0674,6.181,90.020,,,Utilities,51
ResourcesGbl,V7R,0.195,16.3297,97.500,79.903,8.986175,3.6900000000000004,Industrials,
Rex Intl,5WH,0.124,-48.8902,161.488,298.883,,,Energy,86
RH PetroGas,T13,0.141,29.5955,117.760,89.276,6.457079,,Energy,58
Rich Capital,5G4,0.001,-32.447900000000004,7.343,2.955,,,Real Estate,72
Riverstone,AP4,0.69,17.6115,1022.696,1075.635,12.391694,8.32,Healthcare,70
Sakae,5DO,0.105,-5.454,14.592,13.826,,,Consumer Cyclical,73
Salt Investments,FQ7,0.003,,63.419,0.030,,,Energy,37
SAM Holdings,9G2,0.03,-59.121599999999994,31.561,16.137,,,Healthcare,
Samko Timber,E6R,0.001,,8.646,0.000,0.045309,,Basic Materials,78
SamuderaShipping,S56,0.82,12.4813,441.191,532.008,4.847234,2.44,Industrials,86
Samurai 2K,Y8E,0.063,2.0204,21.078,86.767,,,Basic Materials,64
Sanli Env,1E3,0.088,9.2662,23.500,154.404,7.857143,3.7199999999999998,Industrials,68
Sapphire,BRD,0.038,0.23770000000000002,15.488,432.629,62.690037,,Industrials,67
Sarine Tech,U77,0.205,1.8238999999999999,70.056,39.201,51.482314,4.760000000000001,Technology,67
SATS,S58,3.08,9.8273,4576.571,5821.100,19.012346,0.97,Industrials,118
SBS Transit,S61,2.76,10.0318,862.730,1559.728,12.277580,7.340000000000001,Industrials,94
SDAI,5TI,0.08,,33.973,0.464,,,Consumer Cyclical,40
Seatrium Ltd,5E2,2.06,2.4637,6974.258,9230.702,44.880174,0.73,Energy,
Secura,43B,0.052,7.4129000000000005,20.800,58.714,6.265060,2.64,Industrials,63
Sembcorp Ind,U96,6.64,20.3237,11815.047,6417.000,11.789773,3.46,Industrials,98
Sen Yue,5BS,0.022,-41.3913,21.654,49.910,,,Basic Materials,58
Serial Achieva,XHV,0.15,-221.89589999999998,25.466,79.497,,,Technology,
Serial System,S69,0.049,0.4095,44.337,788.663,63.578565,,Technology,84
Sevens Atelier,5EW,0.02,4.4604,4.298,7.508,28.571429,,Industrials,64
SGX,S68,13.98,32.6658,14965.861,1321.655,23.069307,2.58,Financial Services,106
Shanaya,SES,0.03,-32.56,6.769,7.739,,,Industrials,74
Shanghai Turbo,AWM,0.01,-52.3501,0.305,80.446,,,Industrials,49
Shangri-La HKD,S07,4.38,3.1018,15899.062,2185.356,12.419718,4.569999999999999,Consumer Cyclical,
Sheffield Green,SGR,0.175,1.2905,32.595,17.043,,2.29,Industrials,
Shen Yao,A78,0.002,18.0981,67.412,79.177,,,Basic Materials,63
Sheng Siong,OV8,1.8,26.7371,2706.367,1455.488,19.354839,3.56,Consumer Defensive,76
Shenshan,BKV,0.063,2.6172999999999997,5.029,85.010,1.472391,,Consumer Defensive,51
Shopper360,1F0,0.07,3.8497000000000003,7.616,183.952,6.786268,,Communication Services,77
SIA,C6L,7.12,17.3657,21162.583,19539.800,8.347011,6.74,Industrials,91
SIA Engineering,S59,2.72,8.1938,3040.508,1245.100,21.935484,2.94,Industrials,94
SIIC Environment,BHK,0.153,5.827999999999999,394.077,7595.654,3.653442,7.19,Utilities,59
Sim Leisure,URR,0.62,21.234,102.526,167.839,14.712098,1.4500000000000002,Consumer Cyclical,67
Sin Heng Mach,BKA,0.57,5.8641,61.988,50.281,9.913043,1.7500000000000002,Industrials,59
Sinarmas Land,A26,0.37,8.4339,1574.409,1509.302,6.250000,0.22,Real Estate,76
Sincap Grp,XZB,1,,8.505,0.000,,,Energy,
Sing Inv & Fin,S35,1.11,8.1039,262.447,132.748,7.221861,5.86,Financial Services,98
Sing Paincare,FRQ,0.141,9.0072,24.112,27.284,16.785714,,Healthcare,78
SingaporeKitchen,5WG,0.059,4.215,9.145,32.588,3.597561,,Consumer Cyclical,75
SingaporeLandGrp,U06,2,3.4254,2865.335,732.386,10.101010,2.25,Real Estate,93
SingHoldings,5IC,0.345,3.0769,138.343,14.971,14.139344,2.9000000000000004,Real Estate,60
SingPost,S08,0.555,15.8619,1249.454,813.704,5.686475,1.6199999999999999,Industrials,104
SingShipping,S19,0.27,7.5775,108.156,47.909,6.758795,3.6999999999999997,Industrials,79
Singtel,Z74,3.84,15.810599999999999,63365.113,14146.100,16.053512,3.02,Communication Services,108
Singtel 10,Z77,3.86,15.810599999999999,63365.113,14146.100,16.137124,,Communication Services,
Sino Grandness,T4B,0.02,-1.9067,22.988,1380.708,0.545218,,Consumer Defensive,42
SinoCloud Grp,LYY,0.013,-28.560000000000002,2.738,11.415,,,Technology,36
Sinostar Pec,C9Q,0.15,12.209200000000001,144.000,5298.169,3.970582,3.3300000000000005,Energy,64
Sitra,5LE,0.006,-15.0317,8.900,12.691,,,Consumer Cyclical,66
SLB Dev,1J0,0.23,-11.3445,209.990,0.952,,,Real Estate,56
Soilbuild Constr,V5Q,0.8,41.5713,132.373,391.806,4.708652,2.5,Industrials,
Soon Lian,5MD,0.16,14.2318,17.280,71.522,2.985075,1.8800000000000001,Basic Materials,60
Soup Holdings,5KI,0.066,-28.5566,18.436,38.412,,0.76,Consumer Cyclical,77
Southern Arch,A33,0.001,-5.8367,27.571,4.817,,,Industrials,52
Southern Pkg,BQP,0.35,-3.6775,24.612,687.917,,,Consumer Cyclical,67
SouthernAlliance,QNS,0.535,-1.2962,261.486,143.918,,,Basic Materials,77
Spackman,40E,0.001,1.9405,1.836,0.186,3.892565,,Communication Services,69
Spura Finance,S23,0.655,2.4,103.939,23.644,17.057292,3.05,Financial Services,80
Sri Trang Agro,NC2,0.52,3.2937000000000003,774.672,125080.909,7.541345,7.5600000000000005,Basic Materials,61
Sri Trang Gloves,STG,0.37,2.6416,733.807,25497.484,20.867610,5.3100000000000005,Basic Materials,
ST Engineering,S63,7.69,27.379900000000003,24007.441,11275.659,34.407159,2.21,Industrials,97
ST Group Food,DRX,0.122,3.9593000000000003,30.949,67.377,50.540466,3.94,Consumer Cyclical,62
Stamford Land,H07,0.375,0.6818000000000001,556.354,156.989,93.750000,1.3299999999999998,Consumer Cyclical,85
Stamford Tyres,S29,0.215,5.3443,51.038,187.784,10.643564,6.98,Consumer Cyclical,72
StarHub,CC3,1.14,27.282,1962.822,2367.700,12.954545,5.4399999999999995,Communication Services,90
Straco,S85,0.405,10.1485,346.464,81.504,12.735849,3.6999999999999997,Consumer Cyclical,67
Straits Trading,S20,1.4,-0.4986,631.127,564.627,,5.71,Basic Materials,69
SunMoonFood,AAJ,0.016,0.4135,14.452,31.042,21.917808,,Consumer Defensive,55
Sunpower,5GD,0.29,6.1019,230.749,3505.184,10.837052,,Utilities,61
Sunright,S71,0.191,3.0544000000000002,23.456,74.405,14.692308,,Technology,62
Suntar Eco-City,BKZ,0.122,8.6317,7.657,10.243,5.251813,,Consumer Defensive,47
SUTL Enterprise,BHU,0.765,12.572700000000001,67.832,39.620,7.943925,6.54,Consumer Cyclical,60
TA,PA3,0.073,20.4038,37.819,97.100,,,Industrials,68
Taka Jewellery,42L,0.103,8.2802,57.619,159.245,5.049020,1.7399999999999998,Consumer Cyclical,77
TalkMed,5G3,0.445,50.3128,591.976,78.181,13.608563,4.9399999999999995,Healthcare,68
Tat Seng Pkg,T12,0.825,9.559199999999999,129.690,253.938,6.886477,7.2700000000000005,Consumer Cyclical,76
TC Auto,VI2,0.036,-71.35249999999999,21.226,2554.466,,,Consumer Cyclical,49
TCIL HK$,T15,1.07,4.340999999999999,2275.039,12698.567,4.493910,6.069999999999999,Consumer Cyclical,
Teho Intl,5OQ,0.038,3.8547,8.946,64.344,4.750000,2.63,Energy,93
TeleChoice Intl,T41,0.096,12.532599999999999,43.620,380.401,10.786517,1.3,Communication Services,63
ThaiBev,Y92,0.47,15.5381,11811.329,342009.442,10.429118,5.24,Consumer Defensive,94
Thakral,AWI,1.48,18.436,188.050,288.807,6.569019,2.7,Consumer Cyclical,85
The Place Hldg,E27,0.004,-3.1046,23.523,0.000,,,Communication Services,67
TheHourGlass,AGS,1.61,15.302,1042.767,1162.874,7.688634,4.97,Consumer Cyclical,68
Thomson Medical,A50,0.043,3.0859,1136.966,382.100,4300.000000,,Healthcare,92
TIH,T55,0.225,13.749,54.379,11.136,3.069577,4.44,Financial Services,72
Tiong Seng,BFI,0.072,3.8731,33.198,536.043,11.612903,,Industrials,63
Tiong Woon,BQM,0.57,6.0418,132.146,146.658,6.785714,1.05,Industrials,94
TJ DaRenTang USD,T14,2.32,30.868000000000002,3079.112,6676.448,5.803947,7.64,Healthcare,44
Top Glove,BVA,0.245,-1.1094,1963.905,3240.158,80.519074,,Healthcare,
Tosei,S2D,9.5,13.8921,1079.057,93390.093,24.518297,0.8500000000000001,Real Estate,
Totm Tech,42F,0.013,-18.4592,17.745,8.855,,,Technology,71
Travelite,BCZ,0.155,13.037399999999998,14.670,42.984,5.849057,,Consumer Cyclical,60
Trek 2000 Intl,5AB,0.112,1.5396999999999998,34.412,19.850,62.281043,,Technology,66
Trendlines,42T,0.029,-13.5181,31.670,1.719,,,Financial Services,85
TrickleStar,CYW,0.025,-13.739799999999999,3.793,11.477,,,Technology,63
Tritech,5G9,0.008,-75.9487,9.452,26.710,,,Industrials,65
Triyards,RC5,0.084,,27.259,,,,Industrials,46
TSH,KUH,0.059,10.4551,2.617,11.752,3.072917,,Consumer Cyclical,54
TSH Resources,TSH,0.34,6.6983,441.367,1052.749,9.358522,2.2399999999999998,Consumer Defensive,
TT Intl,T09,0.014,,14.677,21.467,,,Consumer Cyclical,37
Tuan Sing,T24,0.24,0.1917,295.235,192.516,126.315789,2.92,Real Estate,89
Tye Soon,BFU,0.285,6.866,24.871,257.164,5.876289,6.710000000000001,Industrials,61
UGHealthcare,8K7,0.109,-3.5185,67.997,138.173,,,Healthcare,77
Uni-Asia Grp,CHJ,0.78,-21.3875,61.308,23.670,,3.85,Industrials,80
Union Gas,1F2,0.335,17.113500000000002,106.378,125.546,8.524173,4.42,Consumer Cyclical,80
UnionSteel,ZB9,0.56,15.329200000000002,66.155,119.993,5.495584,2.32,Industrials,
United Food,AZR,0.043,-0.3798,8.080,56.195,,,Consumer Defensive,28
Universal Res,BGO,0.17,,4.095,,,,Energy,41
UnUsUaL,1D1,0.072,16.312099999999997,74.101,27.728,,,Communication Services,64
UOA,EH5,0.47,4.961200000000001,742.397,327.236,10.119081,4.4799999999999995,Real Estate,
UOB,U11,35.95,12.4053,60147.060,14303.000,10.155367,5.01,Financial Services,111
UOB Kay Hian,U10,1.76,11.182400000000001,1645.700,532.695,7.207207,6.76,Financial Services,66
UOI,U13,7.75,6.5417000000000005,473.951,7.493,15.900698,2.19,Financial Services,90
UOL,U14,5.74,3.1731000000000003,4849.928,2794.764,13.540929,3.1399999999999997,Real Estate,101
USP Group,BRS,0.042,-5.4711,3.792,39.675,,,Industrials,37
V2Y Corp,V2Y,0.006,,2.691,0.911,,,Industrials,74
Vallianz,WPC,0.035,-70.0414,42.407,212.987,,,Industrials,44
ValueMax,T6I,0.53,17.7087,461.752,456.178,5.915179,5.06,Consumer Cyclical,73
Valuetronics,BN2,0.695,11.5575,283.642,1640.668,10.367576,3.16,Technology,80
VCPlus,43E,0.003,-122.33840000000001,16.112,0.771,,,Industrials,67
Venture,V03,10.98,8.5616,3160.705,2734.236,13.009479,6.83,Technology,74
Versalink,40N,0.039,-17.3539,5.265,39.878,,,Industrials,55
Vibrant Group,BIP,0.079,0.2688,53.888,147.580,7.523810,2.53,Industrials,69
VibroPower,BJD,0.024,2.6131,1.769,12.645,,,Industrials,48
VICOM Ltd,WJP,1.44,21.5587,510.578,117.156,17.433414,4.03,Consumer Cyclical,94
Vins Holdings,VIN,0.31,16.8882,41.300,107.319,15.513420,2.44,Consumer Cyclical,
Vividthree,OMK,0.018,-14.180000000000001,9.282,6.247,,,Communication Services,56
Wee Hur,E3B,0.42,8.5787,386.083,200.794,7.142857,2.3800000000000003,Industrials,71
Willas-Array,BDR,0.33,-28.3685,28.938,2495.255,,,Technology,73
Wilmar Intl,F34,3.05,5.8442,19040.336,67379.083,12.697673,5.25,Consumer Defensive,89
Wilton Resources,5F7,0.009,-15.689,23.616,2185.000,,,Basic Materials,71
Wing Tai,W05,1.24,-2.7092,946.028,184.148,,2.42,Real Estate,92
WinkingStudios,WKS,0.235,1.4697,103.486,31.899,121.967043,0.1,Communication Services,
Wong Fong Ind,1A1,0.167,6.473199999999999,39.245,65.652,10.844156,3.5900000000000003,Industrials,58
World Precision,B49,0.19,0.7139000000000001,76.000,1017.242,44.405443,36.26,Industrials,62
XMH,BQF,0.75,23.2189,82.233,124.172,6.550218,0.33,Industrials,69
Y Ventures,1F1,0.006,-23.524800000000003,2.962,23.537,,,Consumer Cyclical,69
Yamada Green Res,BJV,0.108,-12.1821,19.064,15.751,,,Real Estate,47
Yanlord Land,Z25,0.455,-10.5176,878.849,36396.694,,,Real Estate,73
Yeo Hiap Seng,Y03,0.55,1.187,343.434,328.570,49.549550,3.64,Consumer Defensive,79
YHI Intl,BPF,0.45,3.4313999999999996,131.272,406.515,13.719512,5.11,Consumer Cyclical,53
Ying Li Intl,5DM,0.023,-9.563,58.812,200.096,,,Real Estate,74
YKGI,YK9,0.096,25.8646,40.800,61.987,8.571429,7.5,Consumer Cyclical,70
Yoma Strategic,Z59,0.087,4.5233,207.800,204.444,22.576878,,Industrials,92
Yongmao,BKX,0.565,4.6738,50.144,773.536,20.419757,1.77,Industrials,52
Yunnan Energy,T43,0.062,0.29810000000000003,31.601,576.615,210.152675,,Technology,43
YZJ Fin Hldg,YF8,0.71,7.7103,2471.120,217.538,8.198614,4.859999999999999,Financial Services,62
YZJ Shipbldg CNY,SO7,11.52,28.097499999999997,45986.308,26541.716,6.860818,,Industrials,
YZJ Shipbldg SGD,BS6,2.08,28.097499999999997,8198.506,26541.716,6.948333,5.7700000000000005,Industrials,62
Zheneng Jinjiang,BWM,0.455,8.447799999999999,654.860,3731.074,5.992356,5.050000000000001,Utilities,69
Zhongmin Baihui,5SR,0.585,12.8081,112.111,947.056,12.743023,1.71,Consumer Cyclical,60
Zhongxin Fruit,5EG,0.036,1.6628,37.997,244.984,10.096395,,Consumer Defensive,50
ZICO Hldgs,40W,0.03,-21.2178,12.293,17.249,,,Industrials,74
Zixin,42W,0.034,2.6342999999999996,54.036,357.379,11.253965,,Consumer Defensive,69
Acro HTrust USD,XZL,0.245,-5.5649999999999995,142.125,168.778,,6.529999999999999,Real Estate,77.6
Asian Pay Tv Tr,S7OU,0.082,6.8976,148.121,252.018,3.094340,12.8,Communication Services,60.6
CapLand Ascott T,HMN,0.85,4.761,3239.680,809.520,14.285714,7.17,Real Estate,112.1
CapLand India T,CY6U,0.965,25.8054,1302.195,277.881,2.938490,7.090000000000001,Real Estate,106.9
CDL HTrust,J85,0.755,0.7742,950.465,260.259,66.228070,7.049999999999999,Real Estate,86.2
Dasin Retail Tr,CEDU,0.023,-31.007600000000004,18.503,71.823,,,Real Estate,74.6
Eagle HTrust USD,LIW,0.137,,119.567,,4.281250,,Real Estate,
Far East HTrust,Q5T,0.56,2.5118,1129.227,108.706,24.454148,7.21,Real Estate,110.5
Frasers HTrust,ACV,0.695,1.5945999999999998,1338.621,133.087,73.936170,3.16,Real Estate,85.4
FSL Trust,D8DU,0.04,18.079700000000003,70.722,8.454,6.625643,,Industrials,79.8
HPH Trust SGD,P7VU,0.205,2.5658,1801.495,11223.090,16.766051,,Industrials,
HPH Trust USD,NS8U,0.161,2.5658,1402.487,11223.090,16.913633,9.719999999999999,Industrials,79.7
Kep Infra Tr,A7RU,0.395,3.8441,2403.570,2214.231,37.264151,8.1,Basic Materials,90.6
NetLink NBN Tr,CJLU,0.875,3.8792,3409.850,406.996,35.714286,6.13,Communication Services,106.5
AIMS APAC Reit,O5RU,1.3,2.2283,1058.192,186.626,32.258065,7.380000000000001,Real Estate,93.8
BHG Retail Reit,BMGU,0.44,-0.6086,228.625,60.957,,1.1400000000000001,Real Estate,80.8
CapLand Ascendas REIT,A17U,2.61,7.3602,11485.386,1523.046,15.193853,5.83,Real Estate,109.6
CapLand China T,AU8U,0.695,-0.8674,1209.286,341.529,,8.129999999999999,Real Estate,98.3
CapLand IntCom T,C38U,2.08,6.2823,15219.675,1586.329,15.327929,5.220000000000001,Real Estate,106.5
Daiwa Hse Log Tr,DHLU,0.565,6.330900000000001,394.890,57.100,11.345382,7.5200000000000005,Real Estate,71.8
DigiCore Reit USD,DCRU,0.49,22.3907,637.144,102.274,3.153153,6.36,Real Estate,86.3
EC World Reit,BWCU,0.28,-102.20450000000001,226.755,79.591,5.995717,14.45,Real Estate,70.2
EliteUKREIT GBP,MXNU,0.32,9.1411,190.819,39.076,9.116809,8.97,Real Estate,76.6
ESR REIT,9A4U,2.23,-5.4995,1790.499,370.504,,9.5,Real Estate,
First Reit,AW9U,0.26,5.4305,545.685,102.210,15.476190,9,Real Estate,83
Frasers Cpt Tr,J69U,2.2,4.8572999999999995,4449.257,363.912,19.260232,5.52,Real Estate,78.4
Frasers L&C Tr,BUOU,0.79,3.4112999999999998,2978.256,462.974,22.191011,8,Real Estate,98.3
IREIT Global EUR,8U7U,0.17,1.6016,280.426,75.573,25.781250,,Real Estate,
IREIT Global SGD,UD1U,0.305,1.6016,410.175,75.573,32.581330,9.02,Real Estate,87.9
KepPacOakReitUSD,CMOU,0.189,-0.9578,197.401,142.615,,,Real Estate,100
Keppel DC Reit,AJBU,2.17,10.5814,4896.183,310.287,12.697484,4.33,Real Estate,96.4
Keppel DC Reit A,X1JU,0,,,,,,,
Keppel Reit,K71U,0.855,1.8852,3317.815,261.580,33.011583,6.550000000000001,Real Estate,87.4
Lendlease Reit,JYEU,0.475,2.6231,1162.168,204.582,19.709544,7.51,Real Estate,95
Lippo Malls Tr,D5IU,0.013,-5.2335,100.059,195.229,,,Real Estate,76.6
ManulifeReit USD,BTOU,0.063,-34.2555,111.924,167.582,,,Real Estate,91.9
Mapletree Ind Tr,ME8U,1.93,6.4091,5503.832,681.062,16.342083,7.03,Real Estate,84.8
Mapletree Log Tr,M44U,1.1,2.4992,5582.664,714.780,30.136986,7.32,Real Estate,90.3
Mapletree PanAsia Com Tr,N2IU,1.17,6.1262,6163.069,844.716,10.453148,6.8500000000000005,Real Estate,81.1
OUEREIT,TS0U,0.28,-2.1704,1541.939,295.521,,7.359999999999999,Real Estate,85.3
PARAGONREIT,SK6U,0.975,11.053799999999999,2768.035,300.954,9.036145,4.77,Real Estate,92.2
ParkwayLife Reit,C2PU,4.07,6.369,2655.351,144.848,26.241135,3.6700000000000004,Real Estate,82
Prime US ReitUSD,OXMU,0.133,1.1257,173.998,132.370,21.451613,2.18,Real Estate,84.7
Sabana Reit,M1GU,0.375,1.9924000000000002,421.896,113.308,37.128713,7.630000000000001,Real Estate,84.2
Sasseur Reit,CRPU,0.63,5.4489,790.975,123.726,14.009340,9.65,Real Estate,91.2
StarhillGbl Reit,P40U,0.5,3.614,1148.713,191.463,23.696682,7.3,Real Estate,93.6
Stoneweg Reit EUR,CWBU,1.48,2.6952,831.839,212.919,25.106022,9.53,Real Estate,
Stoneweg Reit SGD,CWCU,2.16,2.6952,1216.720,212.919,25.050643,,Real Estate,103.5
Suntec Reit,T82U,1.13,1.7610000000000001,3315.343,463.556,29.343028,5.53,Real Estate,85.1
UtdHampshReitUSD,ODBU,0.44,6.856800000000001,262.618,72.763,8.593750,9.25,Real Estate,87.2